year,cpi_all,real_median_family_income,avg_hourly_earnings_nominal,median_home_price_nominal,shelter_cpi,rent_cpi,medical_cpi,education_childcare_cpi,fertility_rate,female_labor_force_participation,young_adults_living_with_parents_pct,median_age_first_marriage,median_age_first_marriage_men,median_age_first_marriage_women,avg_hourly_earnings_real_2024,median_home_price_real_2024,home_price_to_family_income,home_price_work_years,income_index,home_price_index,rent_index,medical_index,education_childcare_index,wage_index,rent_to_wage_index,medical_to_wage_index,education_childcare_to_wage_index
1960,29.584999999999997,48760.0,,,25.233333333333334,38.74166666666667,22.258333333333336,,3.654,37.75833333333333,22.502083277331256,21.55,22.8,20.3,,,,,100.0,,100.0,100.0,,,,,
1961,29.901666666666667,49270.0,,,25.458333333333332,39.233333333333334,22.90833333333333,,3.62,38.108333333333334,,21.55,22.8,20.3,,,,,101.0459392945037,,101.269090126909,102.92025458629726,,,,,
1962,30.253333333333334,50670.0,,,25.724999999999998,39.71666666666667,23.525000000000002,,3.461,37.90833333333333,,21.5,22.7,20.3,,,,,103.91714520098441,,102.51667025166702,105.69075252714339,,,,,
1963,30.633333333333336,52400.0,,18050.0,26.066666666666666,40.11666666666667,24.083333333333332,,3.319,38.291666666666664,,21.65,22.8,20.5,,184839.56175190423,3.5274725525172563,,107.46513535684987,100.0,103.54915035491503,108.19917633845,,,,,
1964,31.03833333333333,54550.0,2.5349999999999997,18925.0,26.491666666666664,40.53333333333333,24.59166666666667,,3.19,38.708333333333336,,21.8,23.1,20.5,25.62073304515921,191271.1530097192,3.506345609710709,3.5891746320740405,111.87448728465957,103.47955340126136,104.62465046246503,110.48296518157991,,100.0,100.0,100.0,
1965,31.528333333333332,56700.0,2.629166666666667,20125.0,26.983333333333334,40.93333333333333,25.183333333333334,,2.913,39.24166666666667,,21.700000000000003,22.8,20.6,26.159478665574177,200238.1647459957,3.5315372971075076,3.6800560770449833,116.28383921246923,108.33079393185308,105.65713056571305,113.14114563833768,,102.10277207707279,97.36988072399699,98.73817519216402,
1966,32.47083333333333,59710.0,2.734166666666667,21500.0,27.808333333333334,41.49166666666667,26.3,,2.721,40.25833333333333,,21.65,22.8,20.5,26.414569096197447,207709.80880277176,3.4786435907347473,3.7805078189107446,122.45693191140279,112.37302600920711,107.09830070983006,118.15799326095093,,103.09841271769633,94.90771978616917,99.15640310585441,
1967,33.375,60950.0,2.855,22750.0,28.75,42.24166666666667,28.150000000000002,,2.558,41.11666666666667,,21.85,23.1,20.6,26.83470459425718,213831.709113608,3.5083135211420506,3.830998248686515,125.0,115.68503359720019,109.03420090342009,126.46948708348933,,104.73823893702891,92.53383808415522,101.63944544311319,
1968,34.791666666666664,63790.0,3.0241666666666664,24800.0,30.116666666666664,43.25,29.866666666666664,,2.464,41.608333333333334,,21.950000000000003,23.1,20.8,27.26732088223553,223608.56143712575,3.5053858196759013,3.942599147889862,130.82444626743234,120.97440575911888,111.63691116369112,134.1819543242231,,106.42677878956093,89.4429332061899,101.80545119285054,
1969,36.68333333333333,66870.0,3.2175,25600.0,32.574999999999996,44.65,31.916666666666668,,2.456,42.699999999999996,,22.0,23.2,20.8,27.51450753066788,218918.8477964562,3.273797634162647,3.8252345944653636,137.1410992616899,118.43722508404015,115.25059152505915,143.39198801946836,,107.39157026526406,86.78977272727272,102.25604058203177,
1970,38.84166666666667,66700.0,3.404166666666667,23475.0,35.525,46.5,33.958333333333336,,2.48,43.35,26.724633974809798,22.0,23.2,20.8,27.493177662161198,189591.8763140957,2.8424569162533087,3.31536578476603,136.7924528301887,102.57104838225601,120.0258120025812,152.5645825533508,,107.30831789122352,85.42948366939379,102.83135356062525,
1971,40.483333333333334,66680.0,3.626666666666667,25225.0,37.016666666666666,48.65,36.13333333333333,,2.266,43.35833333333333,,22.0,23.1,20.9,28.102396486894474,195464.0490942775,2.931374461521858,3.343953266402715,136.75143560295325,105.74795094820321,125.57539255753925,162.3362036690378,,109.68615315323365,83.89592126427048,102.70471624773256,
1972,41.80833333333333,69730.0,3.9,27525.0,38.666666666666664,50.324999999999996,37.324999999999996,,2.01,43.88333333333333,,22.1,23.3,20.9,29.2626553717361,206526.81771975284,2.961807223859929,3.393121301775148,143.00656275635768,111.73301633172974,129.89890298989027,167.6900037439161,,114.21474678401128,80.70209703947367,98.65638766519822,
1973,44.425000000000004,71240.0,4.138333333333333,32600.0,40.43333333333333,52.525,38.75833333333333,,1.879,44.73333333333333,,22.1,23.2,21.0,29.222005171012313,230198.31701369348,3.2313070889064215,3.7872920474611984,146.1033634126333,124.53952759456917,135.57754355775435,174.1295394983152,,114.05608543481362,79.37911184210526,96.54496390432918,
1974,49.31666666666666,69450.0,4.4375,36050.0,44.39166666666667,55.15,42.36666666666667,,1.835,45.666666666666664,,22.1,23.1,21.1,28.226474104427176,229310.28540047313,3.301803965449577,3.9057421451787646,142.4323215750615,124.05909385797966,142.35319423531942,190.34069636840132,,110.17043913097677,77.7271590066716,98.41831606378358,
1975,53.824999999999996,68170.0,4.738333333333333,39275.0,48.76666666666667,58.0,47.49166666666667,,1.774,46.35,,22.3,23.5,21.1,27.615540728698974,228899.12672240287,3.357769205257487,3.9849901241916714,139.80721903199344,123.83665301567657,149.7096149709615,213.3657806065144,,107.78591182392678,76.55402465890367,103.3193824851517,
1976,56.93333333333334,70310.0,5.059166666666667,44225.0,51.449999999999996,61.14166666666667,52.0,,1.738,47.300000000000004,,22.55,23.8,21.3,27.875608457747855,243676.2544642857,3.465741067618912,4.202672224826729,144.1960623461854,131.8312227938267,157.81888578188858,233.62036690378133,,108.8009793030285,75.58296587963484,105.95326811874462,
1977,60.61666666666667,70680.0,5.4375,48900.0,54.916666666666664,64.81666666666666,56.975,,1.79,48.43333333333334,,22.8,24.0,21.6,28.13968294610943,253063.0797360462,3.5804057687612647,4.323607427055703,144.95488105004102,136.90958652872868,167.30479673047967,255.97154623736427,,109.83168552012275,74.55093012704174,108.0127601397539,
1978,65.24166666666666,72900.0,5.8758333333333335,55850.0,60.458333333333336,69.27499999999999,61.75,59.78333333333333,1.76,49.958333333333336,,23.0,24.2,21.8,28.252468682675527,268540.69651296467,3.6836858232231093,4.569728243675201,149.50779327317474,145.28312768529824,178.81264788126475,277.4241856982403,100.0,110.27189828205776,73.73483441131901,108.33218270661142,100.0
1979,72.58333333333333,73940.0,6.339166666666666,62750.0,68.86666666666666,74.34166666666667,67.47500000000001,64.675,1.808,50.94166666666666,,23.25,24.4,22.1,27.397266978568695,271199.4483352469,3.667831327228116,4.7590276162643725,151.64068908941755,146.72153827071762,191.89072918907294,303.144889554474,108.18232506272652,106.93396996205439,73.34419842700282,109.72377053594853,100.27521677629612
1980,82.38333333333334,71470.0,6.845833333333334,64750.0,80.95833333333333,80.91666666666667,74.85833333333333,71.19166666666666,1.8395,51.475,26.221972754027732,23.35,24.7,22.0,26.0674735905995,246554.19330366174,3.4497578467001784,4.547263448663326,146.57506152584085,133.38821568652725,208.86212088621207,336.3159865219019,119.0827989963758,101.74366808573691,73.92261227856616,112.72074023825544,102.20971585191062
1981,90.93333333333334,69470.0,7.433333333333334,68950.0,90.425,87.94166666666666,82.925,79.90833333333333,1.812,52.11666666666667,,23.55,24.8,22.3,25.6432152370479,237860.94492302055,3.423937597855485,4.459511900655398,142.47333880229695,128.68508379298302,226.99505269950527,372.55709472107816,133.66322832450516,100.0877499946979,73.99063034723859,114.99841962821753,105.65688597713967
1982,96.53333333333335,68570.0,7.864999999999999,69225.0,96.83333333333333,94.625,92.61666666666667,90.50833333333333,1.8275,52.63333333333333,,23.85,25.2,22.5,25.55838481526243,224956.03163846684,3.2806771421681034,4.2315638906548,140.62756357670222,121.7034002387475,244.24607442460743,416.09883938599774,151.3939224979091,99.75664931293385,75.24416186385385,121.38930352786983,113.10431739062908
1983,99.58333333333333,69030.0,8.198333333333332,75375.0,99.13333333333333,100.09166666666665,100.65833333333335,99.68333333333334,1.799,52.90833333333333,29.227777209118695,24.1,25.4,22.8,25.825628147838216,237439.32364016736,3.439654116183795,4.420164354856366,141.57095980311732,128.45698257977028,258.35663583566355,452.2276301010857,166.7410091998885,100.79972381085997,76.35508979012636,126.56515731054539,119.50506768331101
1984,103.93333333333334,71250.0,8.487499999999999,79950.0,103.925,105.29166666666667,106.97500000000001,109.76666666666667,1.8065,53.56666666666666,28.637202074043948,24.2,25.4,23.0,25.617509842046182,241310.15161962796,3.386809145538638,4.528718703976437,146.12387202625104,130.5511381505653,271.77887717788775,480.6065144140771,183.6074714245888,99.9874195515509,77.58537371134021,129.9249349587694,127.11009141038545
1985,107.60000000000001,72300.0,8.734166666666667,84275.0,109.76666666666667,111.75833333333333,113.61666666666667,119.71666666666665,1.844,54.458333333333336,28.057815752318017,24.4,25.5,23.3,25.463680954409334,245696.21743339527,3.3982879313056054,4.638888685019779,148.27727645611157,132.92404239909106,288.47063884706387,510.4455260202171,200.25090604962364,99.38701172026165,80.02470557625576,134.09437761722808,134.71702495524244
1986,109.69166666666666,75550.0,8.924166666666666,92025.0,115.77499999999999,118.27499999999999,122.16666666666667,129.59166666666667,1.8375,55.300000000000004,27.37117575617373,24.4,25.7,23.1,25.521489529995698,263174.72115019377,3.483450974853657,4.957638075809707,154.9425758818704,142.3800828436462,305.29146052914604,548.8581055784349,216.76888764984668,99.612643732759,82.88786009431318,141.11560822281723,142.72457062462124
1987,113.61666666666667,76830.0,9.141666666666667,104700.0,121.26666666666667,123.14999999999999,130.17499999999998,139.98333333333332,1.872,55.99166666666667,27.615849952241746,24.700000000000003,25.8,23.6,25.24034684123026,289079.0498753117,3.7625803706275116,5.506275857233013,157.5676784249385,156.39457653731083,317.8748117874811,584.8371396480717,234.15110119877332,98.51531881129833,84.25092507076715,146.78855830278005,150.5013139974978
1988,118.27499999999999,77010.0,9.435833333333333,112225.0,127.08333333333333,127.84166666666665,138.625,151.04166666666666,1.934,56.59166666666667,27.796610169491526,24.75,25.9,23.6,25.02645206204937,297651.88547171146,3.8651069402897216,5.718024578971325,157.93683347005742,161.0325639438739,329.98494299849426,622.8004492699363,252.64845274602732,97.68046846254416,84.73401904948939,151.44373018000474,157.3279378532402
1989,123.94166666666666,78410.0,9.804166666666667,120425.0,132.83333333333334,132.80833333333334,149.25,162.67499999999998,2.014,57.4,26.583123992623463,25.0,26.2,23.8,24.814488878056434,304797.43202447385,3.8872265275407965,5.90530909804178,160.80803937653815,164.89837410109192,342.8049042804904,670.5353800074877,272.1076108168386,96.85315730162097,84.71889539110205,156.92554822693307,163.07953794046142
1990,130.65833333333333,77260.0,10.1975,122300.0,139.975,138.40833333333333,162.80833333333334,175.6916666666667,2.081,57.525,26.774226488307974,25.0,26.1,23.9,24.48322256202564,293630.60743669875,3.8005514811894736,5.765930563675109,158.44954881050043,158.857013430283,357.25962572596256,731.4488955447398,293.880680234179,95.5601954045242,84.88562849189042,164.57843062079004,169.3350229902097
1991,136.16666666666666,75790.0,10.513333333333334,119975.0,146.275,143.31666666666666,177.01666666666665,191.34166666666667,2.0625,57.39166666666667,27.44111964841388,25.200000000000003,26.3,24.1,24.22041658914729,276396.11416768667,3.646867847574702,5.486393956392371,155.43478260869566,149.53298501035817,369.9290169929017,795.2826656682888,320.0585447449122,94.53444031619347,85.255402235674,173.56562815137195,178.87863023116486
1992,140.30833333333334,75220.0,10.770000000000001,121375.0,151.20000000000002,146.90833333333333,190.0583333333333,208.45833333333334,2.046,57.833333333333336,27.379084674346675,25.45,26.5,24.4,24.07931998574568,271367.4524855972,3.607650259048089,5.418139775730304,154.26579163248564,146.81243014946804,379.1998279199828,853.8749532010481,348.68971285196545,93.98372772279143,85.30929871902944,181.9119433570981,190.23608521504238
1993,144.475,74170.0,11.0475,126500.0,155.74166666666667,150.34166666666667,201.4,225.29166666666666,2.0195,57.93333333333334,27.25473009732213,25.5,26.5,24.5,23.987406099671226,274669.09903674223,3.703237144893383,5.505074242345118,152.1123872026251,148.59865303370995,388.0619488061949,904.8296518157991,376.84694730972956,93.62497964984424,85.11007900989745,187.92538826632693,200.43356909413163
1994,148.225,76170.0,11.334166666666667,130425.0,160.525,154.00833333333333,211.025,239.84166666666667,2.0015,58.791666666666664,27.574494593672593,25.6,26.7,24.5,23.987230926144566,276026.87392477656,3.623826623667803,5.5323279396876925,156.214109926169,149.33322244902632,397.5263497526349,948.0718831898164,401.1848341232228,93.62429593198827,84.98069329751294,191.92622206128272,207.98134441606084
1995,152.38333333333333,77920.0,11.6475,133475.0,165.70000000000002,157.775,220.45000000000002,253.83333333333334,1.978,58.949999999999996,27.272454055028778,25.7,26.9,24.5,23.9776838865799,274773.24376572244,3.5263506643444873,5.509394554790562,159.8031173092699,148.6549963446295,407.24887072488707,990.4155746911268,424.5887928631168,93.58703298737291,84.71710632222862,195.10454399754911,214.19300125047124
1996,156.85833333333332,79070.0,12.038333333333334,140250.0,171.025,161.95000000000002,228.26666666666665,267.14166666666665,1.976,59.275,27.83564726813765,25.950000000000003,27.1,24.8,24.07524685579699,280483.4588004038,3.5472803692981385,5.6010979882639855,162.16160787530762,151.74427819563593,418.0253818025382,1025.5335080494194,446.84973515472535,93.96782993430305,84.13568429978795,195.46370777149104,218.10449138695614
1997,160.525,81560.0,12.501666666666667,145000.0,176.29166666666666,166.66666666666666,234.59166666666667,280.3666666666667,1.971,59.80833333333334,27.83636307899819,25.9,26.8,25.0,24.43077348457319,283359.19119555625,3.4742421676747948,5.576179586311568,167.26825266611976,153.30007738055951,430.2000430200042,1053.9498315237738,468.9712851965431,95.35548198996263,83.3770409559427,193.4348254300307,220.41837967743137
1998,163.00833333333333,84380.0,13.005,151925.0,182.10833333333335,172.07500000000002,242.125,294.25,1.999,59.85,27.725195569669275,25.85,26.7,25.0,25.027215321302595,292369.0647973008,3.464909514070879,5.616367964983882,173.05168170631666,158.17450659709152,444.1600344160035,1087.7948333957318,492.19403401170894,97.68344753130023,82.7509646466946,191.9195768486197,222.3798624770319
1999,166.58333333333334,86370.0,13.485833333333334,160125.0,187.25,177.48333333333335,250.5583333333333,308.35833333333335,2.0075,60.041666666666664,28.172620340771548,26.0,26.9,25.1,25.395584948307487,301536.2817658829,3.491215488779471,5.708447611215949,177.13289581624284,163.13406010484465,458.12002581200255,1125.6832646948706,515.7931419013103,99.12122695141127,82.30864117478706,191.5230563644178,224.73320419861204
2000,172.1916666666667,86740.0,14.008333333333333,167550.0,193.34166666666667,183.92499999999998,260.75,323.925,2.056,59.94166666666666,27.69675673994838,25.950000000000003,26.8,25.1,25.52033190566068,305241.9948216619,3.519045363403988,5.750354642383197,177.89171452009845,165.1388868966074,474.7472574747257,1171.4713590415574,541.8316141622527,99.60812542201052,82.11451663718337,191.879178273893,227.2727371480097
2001,177.04166666666666,85960.0,14.536666666666667,173100.0,200.54166666666666,192.11666666666667,272.76666666666665,341.02500000000003,2.0305,59.791666666666664,26.758931837580786,26.0,26.9,25.1,25.757358528281166,306713.971193222,3.568101107413006,5.724913128604942,176.2920426579163,165.9352404248287,495.89158958915897,1225.458629726694,570.4349038193477,100.5332614132513,82.65437652367275,193.42671880413798,230.57420928859324
2002,179.86666666666667,85350.0,14.96,186025.0,208.08333333333334,199.66666666666666,285.6333333333333,362.05,2.0205,59.61666666666667,27.378461165195766,26.1,26.9,25.3,26.09112994810971,324438.6663500741,3.8012731851209622,5.978281828465652,175.04101722723544,175.52447283203523,515.3796515379652,1283.2646948708345,605.6035684415947,101.83600095329581,83.4717690156206,196.81912412542104,237.86267608520967
2003,184.0,85230.0,15.36,192125.0,213.125,205.51666666666665,297.05833333333334,386.59999999999997,2.0475,59.49166666666667,26.709706478492606,26.200000000000003,27.1,25.3,26.186977391304346,327550.32755887683,3.843134196396537,6.013527894631411,174.79491386382279,177.2079117989482,530.4796730479673,1334.5937850992136,646.6685252299972,102.21010204956693,83.67996215820312,199.3611474394273,247.37737475025554
2004,188.90833333333333,85320.0,15.683333333333332,218150.0,218.84166666666667,211.025,310.14166666666665,414.25,2.0515,59.15,27.819953374379818,26.35,27.4,25.3,26.04349330216007,362256.4121487494,4.245855744828287,6.687341616937792,174.97949138638228,195.9842409900203,544.6977844697784,1393.3732684387867,692.9188737106217,101.65007088694809,84.1513677883271,203.85048242801034,259.60525922070104
2005,195.26666666666665,86190.0,16.115,236550.0,224.40833333333333,217.34166666666667,323.22499999999997,440.8333333333333,2.057,59.23333333333333,26.928850641340052,26.200000000000003,27.1,25.3,25.888934563844316,380020.3208859679,4.409099905858776,7.057149335306332,176.76374077112388,205.5946883254569,561.0023661002366,1452.1527517783597,737.3850013939225,101.04681438353997,84.34868701724449,206.7591006819104,268.8644970952812
2006,201.5583333333333,87060.0,16.739166666666666,243750.0,232.13333333333333,225.09166666666667,336.19166666666666,468.02500000000003,2.108,59.35833333333333,27.603904001898606,26.5,27.5,25.5,26.052239111230556,379363.7646256254,4.357497870728525,7.0007965350724355,178.54799015586548,205.23948500528033,581.0066681006668,1510.4080868588542,782.8686925006971,101.68420655767645,84.09907650077426,207.03468546185326,274.8049559825965
2007,207.34416666666667,89170.0,17.4075,244950.0,240.60141666666667,234.67891666666665,351.0649166666667,494.05566666666664,2.12,59.300000000000004,28.18588287033644,26.55,27.5,25.6,26.336409285286543,370593.33358787524,4.156031553076991,6.765154277002618,182.8753076292043,200.49459654383614,605.753280275328,1577.22912766754,826.4103707833843,102.79334802351627,84.31470296236876,207.89355567913725,278.9515785530013
2008,215.25424999999998,86250.0,18.065,229550.0,246.654,243.27116666666666,364.0715,522.0820833333333,2.072,59.48333333333333,29.064485503541952,26.75,27.6,25.9,26.326808324729175,334531.9042868298,3.878630774340056,6.109082586386766,176.88679245283018,180.98501268675696,627.9315981931597,1635.663796330962,873.2903540563145,102.7558746204702,84.22059697164478,207.7488925819757,284.04697326557215
2009,214.56466666666665,84580.0,18.605833333333333,215650.0,249.35666666666668,248.81158333333335,375.60816666666665,548.97875,2.002,59.208333333333336,29.369314648502463,27.0,28.1,25.9,27.202129300438823,315284.9473895982,3.7276536697753393,5.5723322228002665,173.46185397867103,170.57222187790114,642.2325231232523,1687.494571321602,918.280596598829,106.17233024711759,83.63481720488882,208.10183044215248,289.9984989751576
2010,218.0761666666667,83640.0,19.051666666666666,222700.0,248.3936666666667,249.38541666666666,388.4231666666667,573.2071666666667,1.931,58.625,30.050738335157263,27.15,28.2,26.1,27.405438185333306,320349.4576436214,3.8300987284029344,5.619839437965586,171.5340442986054,173.31217116474318,643.7137018713702,1745.068513665294,958.8076386952887,106.96586290887294,81.86602856915519,210.165850880036,295.7113402344712
2011,224.923,82110.0,19.4375,224900.0,251.64475000000002,253.63816666666665,400.24125000000004,597.2245833333333,1.8945,58.11666666666667,30.728014968532065,27.4,28.4,26.4,27.109313474314916,313666.08876519225,3.820071718002585,5.562700964630225,168.39622641509433,169.69640362283582,654.6909012690901,1798.1636091351554,998.9817396152773,105.8100618219312,81.6093356532408,212.26160318427128,301.98586263782727
2012,229.58608333333333,82230.0,19.724166666666665,244400.0,257.0805,260.3668333333333,414.9234166666667,621.0050833333333,1.8805,57.675000000000004,31.601379581078426,27.6,28.6,26.6,26.950391907586344,333939.3695828689,4.0610406127066625,5.9571591533229125,168.64232977850696,180.6644456510288,672.0589374058937,1864.1261699737925,1038.7595483691107,105.189776811161,82.55676009842988,216.8499278689965,309.44668450507413
2013,232.95174999999998,85470.0,20.1325,266225.0,263.0503333333333,267.7245833333333,425.1325,643.6989166666666,1.8575,57.199999999999996,31.22300554518349,27.8,29.0,26.6,27.11088601144515,358504.68786275847,4.1945090425033165,6.357520847462484,175.28712059064807,193.95452167537132,691.0507636050763,1909.992512167727,1076.7196821856703,105.81619957422525,83.16798644220525,217.67903279539564,314.24936789979563
2014,236.715,85760.0,20.595833333333335,285775.0,270.50933333333336,276.1619166666667,435.306,664.78625,1.8625,56.98333333333333,54.88185317934422,28.15,29.3,27.0,27.29389839105629,378713.19341472513,4.415965408287374,6.67085544437355,175.88187038556194,204.8875196550414,712.8292105829212,1955.6989891426429,1111.992612210761,106.53051317051683,83.85907408602809,217.87393876090508,317.24296616217174
2015,237.00175000000002,91060.0,21.025833333333335,294150.0,278.8020833333333,286.03191666666663,446.76174999999995,688.7949166666667,1.8435,56.699999999999996,31.54629008177298,28.15,29.2,27.1,27.830028129773538,389340.2294497826,4.275644953325089,6.725929336012171,186.75143560295325,210.63684947076626,738.3056571305656,2007.1662298764502,1152.152076944522,108.62307522864477,85.07989047973042,219.03462124506993,321.9778960221879
2016,240.00541666666666,92830.0,21.53916666666667,305125.0,288.233,296.82041666666663,463.67816666666664,708.12,1.8205,56.791666666666664,32.08798692454372,28.45,29.5,27.4,28.152685838108987,398812.47029146913,4.296159326634376,6.810602926689898,190.38146021328959,215.76142385944635,766.1529361152935,2083.166604268064,1184.4772790632842,109.88243696418422,86.18476803591679,221.9104479443502,323.1225788166988
2017,245.121,95520.0,22.043333333333333,322425.0,297.8086666666667,308.14258333333333,475.3174166666667,724.6620833333333,1.7655,57.041666666666664,31.491434558393316,28.45,29.5,27.4,28.210366528730255,412629.40093872003,4.319822036628141,7.032149670229967,195.8982772764561,223.2365176739384,795.3777156377715,2135.45825533508,1212.147337608029,110.10756983028762,87.42589654386394,222.2779896892451,323.1079267153415
2018,251.0995,96730.0,22.700833333333335,325275.0,307.65633333333335,319.28875,484.7040833333333,741.2754166666667,1.7295,57.09166666666667,31.874250124698367,28.8,29.8,27.8,28.360111423846813,406365.4892283736,4.201028525052968,6.888831314788511,198.37981952420017,219.8476805381125,824.1482039148204,2177.629726694122,1239.936576526345,110.69203747550533,87.96450434680018,220.10245084380608,320.94243240289484
2019,255.65258333333335,104200.0,23.50583333333333,320250.0,318.04791666666665,331.12375000000003,498.4019166666667,762.7726666666667,1.706,57.43333333333334,31.577884304642893,28.9,29.8,28.0,28.842801924769212,392962.34196081856,3.7712316886834794,6.550133491141043,213.6997538966366,212.59644755502146,854.6967089696709,2239.169973792587,1275.8951770281574,112.57602143518208,88.10089549731498,218.57176109470123,318.9398692957613
2020,258.85575,101200.0,24.68416666666667,328150.0,325.901,341.46775,518.8560833333333,777.7311666666666,1.6415,56.208333333333336,33.58328509309245,29.3,30.5,28.1,29.913872220446247,397673.4277359752,3.9295793254543003,6.391320606742097,207.54716981132074,215.14519076264708,881.3966444396644,2331.0643953575436,1300.9163646501254,116.7565040692627,86.51608651856613,216.67980851185015,309.6708850865275
2021,270.97341666666665,101700.0,25.91,383000.0,334.584,349.13466666666665,525.2645833333333,788.6827499999999,1.664,56.083333333333336,32.896640302845945,29.450000000000003,30.3,28.6,29.995265212054935,443388.1349369757,4.359765338613331,7.106700709556749,208.57260049220673,239.8772918170522,901.1864917186491,2359.855859228753,1319.2351547253973,117.07418815529267,84.27353351175118,208.97806623061527,299.1742916495811
2022,292.62641666666667,98870.0,27.564999999999998,432950.0,354.23766666666666,370.199,546.5509166666667,810.0383333333333,1.6565,56.775,31.351057319643704,29.15,30.1,28.2,29.5499294379039,464126.3177994012,4.694308868204725,7.551207635100253,202.76866283839215,251.09685037143828,955.5577543557755,2455.4889554473975,1354.9567884025648,115.33600301684996,83.9929602697452,204.39140565631413,288.8264198266668
2023,304.70300000000003,103400.0,28.9175,426525.0,380.6375,399.64258333333333,549.08525,836.5080833333333,1.6165,57.324999999999996,32.363129603822415,29.299999999999997,30.2,28.4,29.771176308022348,439116.48568442056,4.24677452306016,7.091211071283691,212.05906480721902,237.56628804055083,1031.557539255754,2466.8749532010474,1399.2329244494006,116.1995492304906,86.4324168076265,195.7352448424406,284.3143238031389
2024,313.6981666666667,105800.0,30.121666666666666,418975.0,400.56675,420.05958333333336,563.8523333333334,863.1815,1.6265,57.5,32.406415680394154,29.4,30.2,28.6,30.121666666666666,418975.0,3.9600661625708886,6.687222546169594,216.98113207547172,226.66954846082007,1084.2579049257904,2533.219019093972,1443.8497351547255,117.56754427585696,87.2162766950081,192.96404035420716,281.65175904874593
