year,real_disposable_personal_income_per_capita,personal_saving_rate,household_debt_service_ratio,student_loans_owned_securitized,food_at_home_cpi,gasoline_cpi,building_permits,rental_vacancy_rate,mortgage_30yr_rate,real_disposable_personal_income_per_capita_index,food_at_home_cpi_index,gasoline_cpi_index,building_permits_index
1960,13387.0,10.066666666666668,,,31.46666666666667,,1003.3333333333334,8.175,,100.0,100.0,,100.0
1961,13631.583333333334,11.283333333333333,,,31.766666666666666,,1067.0833333333333,8.7,,101.82702123951097,100.95338983050846,,106.35382059800665
1962,14076.916666666666,11.200000000000001,,,31.974999999999998,,1187.1666666666667,8.175,,105.15363163267845,101.61546610169489,,118.32225913621264
1963,14398.916666666666,10.733333333333334,,,32.375,,1328.25,8.2,,107.55895022534298,102.88665254237289,,132.38372093023256
1964,15209.5,11.591666666666667,,,32.76666666666667,,1284.75,8.225,,113.61395383581086,104.13135593220339,,128.0481727574751
1965,15953.416666666666,11.441666666666668,,,33.525,,1240.25,8.25,,119.17096187843927,106.54131355932202,,123.61295681063123
1966,16610.75,11.158333333333333,,,35.233333333333334,,974.8333333333334,7.7,,124.08119817733623,111.97033898305084,,97.15946843853821
1967,17151.25,12.325000000000001,,,35.13333333333333,26.40833333333333,1142.8333333333333,6.85,,128.11869724359454,111.65254237288136,100.0,113.90365448504983
1968,17752.916666666668,11.333333333333334,,,36.266666666666666,26.825,1348.75,5.9,,132.61310724334555,115.25423728813557,101.57778479015462,134.4269102990033
1969,18173.333333333332,10.9,,,38.041666666666664,27.666666666666668,1327.5,5.475,,135.75359179303302,120.89512711864406,104.76491006626698,132.3089700996678
1970,18795.083333333332,12.799999999999999,,,39.94166666666667,27.891666666666666,1346.9166666666667,5.325,,140.39802295759566,126.9332627118644,105.61691385295046,134.24418604651163
1971,19419.416666666668,13.475,,,40.88333333333333,28.099999999999998,1909.75,5.449999999999999,7.54175,145.0617514504121,129.92584745762713,106.40580624802777,190.34053156146177
1972,20136.416666666668,12.35,,,42.71666666666667,28.433333333333334,2229.9166666666665,5.55,7.383269230769231,150.41769378252533,135.7521186440678,107.66803408015149,222.25083056478402
1973,21183.583333333332,13.450000000000001,,,49.65833333333333,31.191666666666666,1823.5,5.775,8.044807692307693,158.23995916436343,157.81249999999997,118.11296939097508,181.7441860465116
1974,20758.083333333332,13.299999999999999,,,57.03333333333333,42.233333333333334,1070.3333333333333,6.175,9.187115384615385,155.06150245262816,181.24999999999997,159.92426633007258,106.67774086378736
1975,21062.416666666668,13.408333333333333,,,61.76666666666667,45.10833333333333,938.75,6.0,9.047115384615385,157.33485221981525,196.29237288135596,170.81098138213946,93.56312292358804
1976,21525.166666666668,11.625,,,63.074999999999996,47.0,1297.0833333333333,5.575,8.865849056603773,160.79156395508082,200.45021186440675,177.97412432944148,129.27740863787375
1977,21980.833333333332,10.658333333333333,,,66.81666666666666,49.74166666666667,1682.5,5.225,8.845192307692308,164.19536366126343,212.3411016949152,188.35594824865888,167.6910299003322
1978,22742.0,10.725,,,73.85000000000001,51.9,1799.5,5.025,9.641730769230769,169.8812280570703,234.6927966101695,196.52887346165983,179.35215946843851
1979,22931.583333333332,10.299999999999999,,,81.79166666666667,70.14166666666667,1530.6666666666667,5.425,11.203653846153847,171.2974029531137,259.93114406779665,265.60429157462926,152.55813953488374
1980,22839.25,11.108333333333334,,,88.375,97.46666666666665,1196.8333333333333,5.375,13.742115384615385,170.60767909165608,280.8527542372881,369.0754181129694,119.28571428571428
1981,23134.25,11.658333333333333,,,94.85833333333333,108.51666666666667,990.6666666666666,5.05,16.641509433962263,172.81130947934565,301.45656779661016,410.91827074787,98.73754152823919
1982,23419.583333333332,11.966666666666667,,,98.09166666666665,102.81666666666666,999.0,5.3,16.043653846153845,174.94273050969846,311.73199152542367,389.33417481855474,99.56810631229236
1983,24034.916666666668,10.083333333333334,,,99.14999999999999,99.39999999999999,1623.3333333333333,5.625,13.235384615384616,179.53922960085654,315.0953389830508,376.3963395392868,161.7940199335548
1984,25418.833333333332,11.208333333333334,,,102.77499999999999,97.78333333333335,1689.6666666666667,5.85,13.877692307692307,189.87699509474365,326.61546610169484,370.274534553487,168.40531561461793
1985,25971.666666666668,9.108333333333333,,,104.25833333333333,98.56666666666666,1732.3333333333333,6.5,12.430192307692307,194.00662334105226,331.32944915254234,373.24076995897764,172.6578073089701
1986,26716.416666666668,8.775,,,107.27499999999999,77.125,1771.0833333333333,7.35,10.187307692307693,199.5698563282787,340.91631355932196,292.0479646576207,176.51993355481724
1987,26961.583333333332,7.541666666666667,,,111.875,80.075,1541.3333333333333,7.7,10.213396226415094,201.40123502900823,355.5349576271186,303.2186809719155,153.62126245847173
1988,28068.583333333332,8.4,,,116.55833333333334,80.77499999999999,1452.0833333333333,7.7,10.341730769230768,209.67045143298222,370.41843220338984,305.8693594193752,144.72591362126244
1989,28613.833333333332,8.275,,,124.23333333333333,88.40833333333335,1350.3333333333333,7.4,10.319423076923076,213.7434326834491,394.8093220338983,334.77437677500797,134.5847176079734
1990,28878.833333333332,8.358333333333333,,,132.33333333333334,100.85833333333333,1123.6666666666667,7.225,10.129423076923077,215.7229650656109,420.5508474576272,381.91858630482807,111.99335548172758
1991,28738.416666666668,8.916666666666666,,,135.79999999999998,99.26666666666667,945.6666666666666,7.425,9.246538461538462,214.6740619008491,431.56779661016935,375.8914484064374,94.25249169435214
1992,29487.833333333332,9.383333333333333,,,136.79999999999998,98.96666666666665,1098.0,7.375,8.390188679245282,220.27215457782427,434.74576271186436,374.755443357526,109.43521594684384
1993,29579.166666666668,7.833333333333333,,,140.04999999999998,97.825,1207.25,7.325,7.314615384615385,220.9544085057643,445.0741525423728,370.4323130325024,120.32392026578074
1994,30017.75,6.8,,,144.08333333333334,98.2,1366.9166666666667,7.375,8.38076923076923,224.23059684768805,457.8919491525424,371.85231934364157,136.2375415282392
1995,30643.583333333332,6.8500000000000005,,,148.75,99.79166666666667,1335.8333333333333,7.625,7.934615384615385,228.90553024078085,472.7224576271186,377.87945724203223,133.13953488372093
1996,31229.75,6.341666666666666,,,154.26666666666668,105.85000000000001,1419.0833333333333,7.85,7.806153846153847,233.2841562710092,490.25423728813564,400.82044809088046,141.43687707641195
1997,31959.0,6.041666666666667,,,158.13333333333333,105.8,1442.25,7.75,7.598846153846154,238.7316052887129,502.5423728813559,400.63111391606185,143.74584717607974
1998,33451.75,6.4750000000000005,,,161.125,91.65833333333335,1619.4166666666667,7.925,6.942641509433962,249.88234854709793,512.0497881355932,347.08109813821403,161.40365448504983
1999,34143.416666666664,4.608333333333333,,,164.23333333333332,100.13333333333333,1663.9166666666667,8.1,7.4399999999999995,255.04905256343218,521.9279661016948,379.17324076995897,165.8388704318937
2000,35422.833333333336,4.291666666666667,,,167.85833333333332,128.53333333333333,1598.3333333333333,7.975,8.053461538461539,264.606210004731,533.4480932203389,486.7150520668981,159.30232558139534
2001,36102.333333333336,4.675,,,173.38333333333333,123.76666666666667,1637.1666666666667,8.425,6.967884615384615,269.68202982993455,551.0063559322034,468.66519406752917,163.17275747508307
2002,36861.416666666664,5.575,,,175.59166666666667,115.96666666666665,1749.0,8.95,6.537307692307692,275.35233186424637,558.0243644067797,439.1290627958346,174.3189368770764
2003,37450.583333333336,5.191666666666666,,,179.40833333333333,135.525,1888.4166666666667,9.775,5.826981132075471,279.7533676950275,570.1536016949152,513.1902808456928,188.21428571428572
2004,38303.25,4.6499999999999995,,,186.1916666666667,159.79999999999998,2057.5833333333335,10.175,5.839230769230769,286.12273100769403,591.7108050847457,605.1120227201009,205.07475083056482
2005,38395.166666666664,2.25,14.94922175,,189.78333333333333,194.82500000000002,2160.0833333333335,9.85,5.866730769230769,286.8093423968526,603.125,737.7406121804987,215.29069767441862
2006,39414.166666666664,2.775,15.22765925,500005.9925,193.10833333333335,219.49166666666667,1843.6666666666667,9.7,6.413269230769231,294.4212046512786,613.6917372881356,831.1454717576523,183.75415282392026
2007,39955.166666666664,2.525,15.67940175,565282.3025,201.25366666666665,238.03516666666667,1391.5,9.75,6.337307692307693,298.4624386842957,639.5773305084745,901.3638371726097,138.687707641196
2008,40205.583333333336,4.133333333333334,15.592594,645614.5675,214.13883333333334,276.4295833333333,895.8333333333334,10.025,6.027169811320754,300.3330345359926,680.5259533898304,1046.7513411170717,89.28571428571429
2009,39948.0,5.733333333333333,15.207933,734442.055,215.12208333333334,202.16058333333334,582.0,10.625,5.036538461538461,298.40890416075297,683.650688559322,765.5181445250868,58.006644518272424
2010,40359.916666666664,5.925,14.02084625,828126.7,215.8305,239.11183333333335,603.6666666666666,10.225,4.689807692307692,301.4858942755409,685.9020127118644,905.4408330703694,60.16611295681062
2011,40907.666666666664,6.55,13.015111749999999,925542.135,226.19883333333334,301.2998333333333,624.0,9.525,4.447884615384615,305.57755035980176,718.8522245762712,1140.927106342695,62.192691029900324
2012,41703.583333333336,7.858333333333333,12.027066,1025284.7000000001,231.74966666666668,311.29575,828.5,8.675,3.6574999999999998,311.522994945345,736.4925847457628,1178.7784790154624,82.57475083056478
2013,40798.25,4.966666666666667,11.905996250000001,1117838.095,233.85483333333332,302.37983333333335,988.0,8.325,3.9755769230769227,304.7602151340853,743.1827330508473,1145.0167245187758,98.47176079734218
2014,41875.166666666664,5.466666666666666,11.6959535,1208673.855,239.44933333333333,290.2775833333333,1052.0833333333333,7.550000000000001,4.168867924528302,312.80471103807173,760.9618644067796,1099.1893341748187,104.85880398671095
2015,43178.916666666664,5.8500000000000005,11.59680025,1295656.105,242.25008333333335,211.44716666666667,1177.4166666666667,7.05,3.8505769230769227,322.5436368616319,769.8625529661017,800.6834963710951,117.35049833887044
2016,43659.333333333336,5.358333333333333,11.79124625,1381828.1575,239.07141666666666,187.532,1205.6666666666667,6.85,3.6540384615384616,326.13231742237497,759.7608580508474,710.1243294414643,120.16611295681064
2017,44709.583333333336,5.758333333333333,11.778964,1463740.925,238.59408333333332,212.11991666666665,1286.25,7.175,3.9898076923076924,333.97761509922566,758.243908898305,803.2309876932786,128.19767441860466
2018,46057.083333333336,6.433333333333334,11.63222925,1545421.35,239.6593333333333,240.45725000000002,1327.8333333333333,6.875,4.544615384615384,344.0433505141805,761.6292372881355,910.5355001577786,132.34219269102988
2019,47250.5,7.308333333333334,11.62526675,1618489.9125,241.76675,231.86749999999998,1386.1666666666667,6.75,3.935769230769231,352.9580936729663,768.3265360169491,878.0088355948247,138.156146179402
2020,50062.333333333336,15.091666666666667,10.444693749999999,1683701.6925,250.21283333333335,194.98141666666666,1478.25,6.3,3.111698113207547,373.9623017355146,795.167902542373,738.3329125907227,147.33388704318938
2021,51936.083333333336,11.325000000000001,9.78269025,1727658.2650000001,258.88558333333333,264.19275,1735.4166666666667,6.1,2.957692307692308,387.959089664102,822.7296080508473,1000.4143262858946,172.96511627906978
2022,48713.5,3.35,10.615453,1754317.98,288.47108333333335,346.86525,1684.1666666666667,5.8,5.344038461538461,363.88660640920295,916.7513241525423,1313.4689176396341,167.85714285714286
2023,51076.75,5.591666666666666,10.74623375,1749466.9849999999,302.90883333333335,311.71166666666664,1515.9166666666667,6.475,6.806730769230769,381.53992679465154,962.6340042372881,1180.3534237929946,151.08803986710964
2024,52114.333333333336,5.433333333333334,11.084841,1761434.91,306.55400000000003,295.7665,1473.9166666666667,6.75,6.721153846153846,389.29060531361273,974.2182203389831,1119.9741243294416,146.90199335548172
